timestamp,x,y
2026-10-09T12:39:08.922,0.883835,0.245500
2026-10-09T12:39:23.496,0.876835,0.246833
2026-10-09T12:39:27.764,0.874835,0.234833
2026-10-09T12:39:29.428,0.896836,0.248167
2026-10-09T12:39:36.015,0.850834,0.248167
2026-10-09T12:39:38.364,0.779832,0.249500
2026-10-09T12:39:41.385,0.779832,0.249500
2026-10-09T12:39:44.422,0.779832,0.249500
2026-10-09T12:39:46.815,0.779832,0.249500
2026-10-09T12:39:48.350,0.746832,0.293501
2026-10-09T12:39:49.559,0.747832,0.358836
2026-10-09T12:39:51.423,0.747832,0.358836
2026-10-09T12:39:53.691,0.747832,0.358836
2026-10-09T12:39:55.626,0.747832,0.358836
2026-10-09T12:39:58.591,0.776832,0.372170
2026-10-09T12:40:02.641,0.767832,0.449505
2026-10-09T12:40:03.559,0.762832,0.498840
2026-10-09T12:40:04.476,0.698830,0.512174
2026-10-09T12:40:05.172,0.634829,0.520174
2026-10-09T12:40:06.365,0.534826,0.517507
2026-10-09T12:40:07.634,0.450824,0.521507
2026-10-09T12:40:09.320,0.400822,0.529507
2026-10-09T12:40:11.825,0.321820,0.489506
2026-10-09T12:40:13.253,0.249818,0.462839
2026-10-09T12:40:14.981,0.165816,0.381504
2026-10-09T12:40:17.428,0.165816,0.381504
2026-10-09T12:40:20.580,0.165816,0.381504
2026-10-09T12:40:22.894,0.165816,0.381504
2026-10-09T12:40:25.340,0.165816,0.381504
2026-10-09T12:40:28.131,0.165816,0.381504
2026-10-09T12:40:34.187,0.165816,0.381504
2026-10-09T12:40:36.927,0.148816,0.485506
2026-10-09T12:40:39.105,0.152816,0.586842
2026-10-09T12:40:41.911,0.157816,0.690845
2026-10-09T12:40:44.141,0.155816,0.769514
2026-10-09T12:40:47.786,0.159816,0.840182
2026-10-09T12:40:51.678,0.159816,0.840182
2026-10-09T12:40:58.188,0.159816,0.840182
2026-10-09T12:41:01.975,0.159816,0.840182
2026-10-09T12:41:04.110,0.159816,0.840182
2026-10-09T12:41:10.698,0.159816,0.840182
2026-10-09T12:41:13.537,0.159816,0.840182
2026-10-09T12:41:19.084,0.300820,0.844183
2026-10-09T12:41:20.219,0.314820,0.782848
2026-10-09T12:41:21.779,0.326820,0.710846
2026-10-09T12:41:23.728,0.326820,0.668178
2026-10-09T12:41:25.111,0.332821,0.617510
2026-10-09T12:41:26.149,0.344821,0.557508
2026-10-09T12:41:27.241,0.391822,0.538841
2026-10-09T12:41:29.519,0.420823,0.530841
2026-10-09T12:41:30.408,0.450824,0.528174
2026-10-09T12:41:32.892,0.485825,0.534841
2026-10-09T12:41:33.644,0.535826,0.534841
2026-10-09T12:41:34.803,0.618828,0.541508
2026-10-09T12:41:36.057,0.705830,0.513507
2026-10-09T12:41:37.173,0.714831,0.458839
2026-10-09T12:41:38.164,0.710831,0.402837
2026-10-09T12:41:39.200,0.702830,0.344169
2026-10-09T12:41:40.102,0.697830,0.248167
2026-10-09T12:41:41.092,0.722831,0.176165
2026-10-09T12:41:44.208,0.791833,0.129497
2026-10-09T12:41:45.272,0.849834,0.124163
2026-10-09T12:41:52.649,0.912836,0.116163
2026-10-09T12:41:53.918,0.912836,0.116163
2026-10-09T12:41:56.440,0.912836,0.116163
2026-10-09T12:41:57.888,0.913836,0.129497
2026-10-09T12:41:59.376,0.913836,0.129497
2026-10-09T12:42:02.711,0.913836,0.129497
2026-10-09T12:42:07.207,0.905836,0.120163
2026-10-09T12:42:10.427,0.873835,0.118830
2026-10-09T12:42:12.535,0.698830,0.166831
2026-10-09T12:42:14.665,0.685830,0.185498
2026-10-09T12:42:17.448,0.683830,0.196165
2026-10-09T12:42:18.765,0.683830,0.196165
