timestamp	session_id	watch_id	anchor	watch_mac	distance_cm	rssi_dbm
2026-04-23T00:15:43.930133	sess_eb205a64	watch_01	00:01	76:72	46.0	-82.5
2026-04-23T00:15:43.930160	sess_eb205a64	watch_01	00:01	76:72	47.0	-82.0
2026-04-23T00:15:43.930165	sess_eb205a64	watch_01	00:01	76:72	43.0	-82.0
2026-04-23T00:15:43.930168	sess_eb205a64	watch_01	00:01	76:72	42.0	-82.0
2026-04-23T00:15:43.930171	sess_eb205a64	watch_01	00:01	76:72	44.0	-82.0
2026-04-23T00:15:43.930175	sess_eb205a64	watch_01	00:01	76:72	45.0	-82.0
2026-04-23T00:15:43.930178	sess_eb205a64	watch_01	00:01	76:72	43.0	-82.0
2026-04-23T00:15:43.930181	sess_eb205a64	watch_01	00:01	76:72	44.0	-82.0
2026-04-23T00:15:43.930183	sess_eb205a64	watch_01	00:01	76:72	43.0	-82.5
2026-04-23T00:15:43.930186	sess_eb205a64	watch_01	00:01	76:72	43.0	-82.0
2026-04-23T00:15:43.930189	sess_eb205a64	watch_01	00:01	76:72	46.0	-82.0
2026-04-23T00:15:43.930197	sess_eb205a64	watch_01	00:01	76:72	44.0	-82.5
2026-04-23T00:15:43.930202	sess_eb205a64	watch_01	00:01	76:72	43.0	-82.5
2026-04-23T00:15:43.930205	sess_eb205a64	watch_01	00:01	76:72	43.0	-82.0
2026-04-23T00:15:43.930207	sess_eb205a64	watch_01	00:01	76:72	43.0	-82.0
2026-04-23T00:15:43.930210	sess_eb205a64	watch_01	00:01	76:72	46.0	-83.0
2026-04-23T00:15:43.930213	sess_eb205a64	watch_01	00:01	76:72	45.0	-82.0
2026-04-23T00:15:43.930215	sess_eb205a64	watch_01	00:01	76:72	43.0	-82.0
2026-04-23T00:15:43.930218	sess_eb205a64	watch_01	00:01	76:72	46.0	-82.0
2026-04-23T00:15:43.930220	sess_eb205a64	watch_01	00:01	76:72	45.0	-82.0
2026-04-23T00:15:43.930223	sess_eb205a64	watch_01	00:01	76:72	49.0	-82.5
2026-04-23T00:15:43.930225	sess_eb205a64	watch_01	00:01	76:72	45.0	-82.5
2026-04-23T00:15:43.930228	sess_eb205a64	watch_01	00:01	76:72	45.0	-82.5
2026-04-23T00:15:43.930231	sess_eb205a64	watch_01	00:01	76:72	46.0	-82.0
2026-04-23T00:15:43.930233	sess_eb205a64	watch_01	00:01	76:72	49.0	-82.0
2026-04-23T00:15:43.930236	sess_eb205a64	watch_01	00:01	76:72	46.0	-82.0
2026-04-23T00:15:43.930238	sess_eb205a64	watch_01	00:01	76:72	47.0	-82.0
2026-04-23T00:15:43.930241	sess_eb205a64	watch_01	00:01	76:72	45.0	-82.5
2026-04-23T00:15:43.930244	sess_eb205a64	watch_01	00:01	76:72	46.0	-82.0
2026-04-23T00:15:43.930246	sess_eb205a64	watch_01	00:01	76:72	45.0	-82.0
2026-04-23T00:15:43.930249	sess_eb205a64	watch_01	00:01	76:72	43.0	-82.0
2026-04-23T00:15:43.930251	sess_eb205a64	watch_01	00:01	76:72	43.0	-82.0
2026-04-23T00:15:43.930254	sess_eb205a64	watch_01	00:01	76:72	45.0	-82.0
2026-04-23T00:15:43.930256	sess_eb205a64	watch_01	00:01	76:72	46.0	-82.0
2026-04-23T00:15:43.930259	sess_eb205a64	watch_01	00:01	76:72	43.0	-82.0
2026-04-23T00:15:43.930261	sess_eb205a64	watch_01	00:01	76:72	43.0	-82.5
2026-04-23T00:15:43.930264	sess_eb205a64	watch_01	00:01	76:72	46.0	-82.0
2026-04-23T00:15:43.930267	sess_eb205a64	watch_01	00:01	76:72	44.0	-82.0
2026-04-23T00:15:43.930270	sess_eb205a64	watch_01	00:01	76:72	45.0	-82.0
2026-04-23T00:15:43.930273	sess_eb205a64	watch_01	00:01	76:72	45.0	-82.0
2026-04-23T00:15:43.930275	sess_eb205a64	watch_01	00:01	76:72	45.0	-82.0
2026-04-23T00:15:43.930278	sess_eb205a64	watch_01	00:01	76:72	46.0	-82.0
2026-04-23T00:15:43.930280	sess_eb205a64	watch_01	00:01	76:72	44.0	-82.0
2026-04-23T00:15:43.930283	sess_eb205a64	watch_01	00:01	76:72	45.0	-82.0
2026-04-23T00:15:43.930285	sess_eb205a64	watch_01	00:01	76:72	44.0	-82.0
2026-04-23T00:15:43.930288	sess_eb205a64	watch_01	00:01	76:72	45.0	-82.5
2026-04-23T00:15:43.930290	sess_eb205a64	watch_01	00:01	76:72	45.0	-82.0
2026-04-23T00:15:43.930293	sess_eb205a64	watch_01	00:01	76:72	44.0	-82.0
2026-04-23T00:15:43.930295	sess_eb205a64	watch_01	00:01	76:72	47.0	-82.0
2026-04-23T00:15:43.930298	sess_eb205a64	watch_01	00:01	76:72	44.0	-82.0
2026-04-23T00:15:43.930300	sess_eb205a64	watch_01	00:01	76:72	43.0	-82.0
2026-04-23T00:15:43.930303	sess_eb205a64	watch_01	00:01	76:72	45.0	-82.0
2026-04-23T00:15:43.930305	sess_eb205a64	watch_01	00:01	76:72	44.0	-82.0
2026-04-23T00:15:43.930308	sess_eb205a64	watch_01	00:01	76:72	45.0	-82.0
2026-04-23T00:15:43.930310	sess_eb205a64	watch_01	00:01	76:72	43.0	-82.0
2026-04-23T00:15:43.930313	sess_eb205a64	watch_01	00:01	76:72	44.0	-82.0
2026-04-23T00:15:43.930315	sess_eb205a64	watch_01	00:01	76:72	44.0	-82.0
2026-04-23T00:15:43.930318	sess_eb205a64	watch_01	00:01	76:72	44.0	-82.5
2026-04-23T00:15:43.930321	sess_eb205a64	watch_01	00:01	76:72	44.0	-82.0
2026-04-23T00:15:43.930323	sess_eb205a64	watch_01	00:01	76:72	45.0	-82.0
2026-04-23T00:15:43.930326	sess_eb205a64	watch_01	00:01	76:72	44.0	-82.5
2026-04-23T00:15:43.930328	sess_eb205a64	watch_01	00:01	76:72	42.0	-82.0
2026-04-23T00:15:43.930331	sess_eb205a64	watch_01	00:01	76:72	45.0	-82.0
2026-04-23T00:15:43.930333	sess_eb205a64	watch_01	00:01	76:72	44.0	-81.5
2026-04-23T00:15:43.930336	sess_eb205a64	watch_01	00:01	76:72	46.0	-82.0
2026-04-23T00:15:43.930339	sess_eb205a64	watch_01	00:01	76:72	47.0	-82.0
2026-04-23T00:15:43.930341	sess_eb205a64	watch_01	00:01	76:72	43.0	-82.0
2026-04-23T00:15:43.930344	sess_eb205a64	watch_01	00:01	76:72	44.0	-82.0
2026-04-23T00:15:43.930346	sess_eb205a64	watch_01	00:01	76:72	44.0	-82.0
2026-04-23T00:15:43.930350	sess_eb205a64	watch_01	00:01	76:72	45.0	-82.0
2026-04-23T00:15:43.930353	sess_eb205a64	watch_01	00:01	76:72	44.0	-82.0
2026-04-23T00:15:43.930355	sess_eb205a64	watch_01	00:01	76:72	47.0	-82.0
2026-04-23T00:15:43.930358	sess_eb205a64	watch_01	00:01	76:72	43.0	-82.0
2026-04-23T00:15:43.930360	sess_eb205a64	watch_01	00:01	76:72	44.0	-82.0
2026-04-23T00:15:43.930363	sess_eb205a64	watch_01	00:01	76:72	44.0	-82.5
2026-04-23T00:15:43.930366	sess_eb205a64	watch_01	00:01	76:72	46.0	-82.0
2026-04-23T00:15:43.930368	sess_eb205a64	watch_01	00:01	76:72	42.0	-82.0
2026-04-23T00:15:43.930371	sess_eb205a64	watch_01	00:01	76:72	46.0	-82.0
2026-04-23T00:19:02.971241	sess_1454f20b	watch_01	00:01	3E:BB	31.0	-85.5
2026-04-23T00:19:02.971267	sess_1454f20b	watch_01	00:01	3E:BB	41.0	-80.0
2026-04-23T00:19:02.971272	sess_1454f20b	watch_01	00:01	3E:BB	45.0	-82.5
2026-04-23T00:19:02.971275	sess_1454f20b	watch_01	00:01	3E:BB	44.0	-82.0
2026-04-23T00:19:02.971278	sess_1454f20b	watch_01	00:01	3E:BB	39.0	-82.0
2026-04-23T00:19:02.971283	sess_1454f20b	watch_01	00:01	3E:BB	36.0	-82.5
2026-04-23T00:19:02.971285	sess_1454f20b	watch_01	00:01	3E:BB	41.0	-81.0
2026-04-23T00:19:02.971288	sess_1454f20b	watch_01	00:01	3E:BB	46.0	-84.0
2026-04-23T00:19:02.971290	sess_1454f20b	watch_01	00:01	3E:BB	44.0	-83.5
2026-04-23T00:19:02.971293	sess_1454f20b	watch_01	00:01	3E:BB	40.0	-85.0
2026-04-23T00:19:02.971296	sess_1454f20b	watch_01	00:01	3E:BB	42.0	-84.5
2026-04-23T00:19:02.971299	sess_1454f20b	watch_01	00:01	3E:BB	46.0	-85.0
2026-04-23T00:19:02.971301	sess_1454f20b	watch_01	00:01	3E:BB	37.0	-83.0
2026-04-23T00:19:02.971304	sess_1454f20b	watch_01	00:01	3E:BB	64.0	-82.5
2026-04-23T00:19:02.971307	sess_1454f20b	watch_01	00:01	3E:BB	40.0	-83.0
2026-04-23T00:19:02.971309	sess_1454f20b	watch_01	00:01	3E:BB	54.0	-82.5
2026-04-23T00:19:02.971312	sess_1454f20b	watch_01	00:01	3E:BB	60.0	-85.0
2026-04-23T00:19:02.971315	sess_1454f20b	watch_01	00:01	3E:BB	84.0	-84.5
2026-04-23T00:19:02.971317	sess_1454f20b	watch_01	00:01	3E:BB	58.0	-82.5
2026-04-23T00:19:02.971320	sess_1454f20b	watch_01	00:01	3E:BB	46.0	-91.5
2026-04-23T00:19:02.971323	sess_1454f20b	watch_01	00:01	3E:BB	56.0	-89.5
2026-04-23T00:19:02.971325	sess_1454f20b	watch_01	00:01	3E:BB	103.0	-88.5
2026-04-23T00:19:02.971328	sess_1454f20b	watch_01	00:01	3E:BB	55.0	-88.5
2026-04-23T00:19:02.971331	sess_1454f20b	watch_01	00:01	3E:BB	38.0	-87.0
2026-04-23T00:19:02.971334	sess_1454f20b	watch_01	00:01	3E:BB	50.0	-81.5
2026-04-23T00:19:02.971336	sess_1454f20b	watch_01	00:01	3E:BB	42.0	-82.0
2026-04-23T00:19:02.971339	sess_1454f20b	watch_01	00:01	3E:BB	43.0	-82.0
2026-04-23T00:19:02.971346	sess_1454f20b	watch_01	00:01	3E:BB	49.0	-82.0
2026-04-23T00:19:02.971349	sess_1454f20b	watch_01	00:01	3E:BB	44.0	-82.0
2026-04-23T00:19:02.971351	sess_1454f20b	watch_01	00:01	3E:BB	45.0	-76.0
2026-04-23T00:19:02.971354	sess_1454f20b	watch_01	00:01	3E:BB	42.0	-74.5
2026-04-23T00:19:02.971357	sess_1454f20b	watch_01	00:01	3E:BB	41.0	-77.5
2026-04-23T00:19:02.971359	sess_1454f20b	watch_01	00:01	3E:BB	41.0	-74.0
2026-04-23T00:19:02.971362	sess_1454f20b	watch_01	00:01	3E:BB	42.0	-74.5
2026-04-23T00:19:02.971364	sess_1454f20b	watch_01	00:01	3E:BB	37.0	-81.0
2026-04-23T00:19:02.971367	sess_1454f20b	watch_01	00:01	3E:BB	41.0	-77.0
2026-04-23T00:19:02.971369	sess_1454f20b	watch_01	00:01	3E:BB	41.0	-75.0
2026-04-23T00:19:02.971373	sess_1454f20b	watch_01	00:01	3E:BB	45.0	-78.5
2026-04-23T00:19:02.971376	sess_1454f20b	watch_01	00:01	3E:BB	49.0	-79.5
2026-04-23T00:19:02.971378	sess_1454f20b	watch_01	00:01	3E:BB	57.0	-81.5
2026-04-23T00:19:02.971381	sess_1454f20b	watch_01	00:01	3E:BB	70.0	-79.5
2026-04-23T00:19:02.971384	sess_1454f20b	watch_01	00:01	3E:BB	61.0	-82.5
2026-04-23T00:19:02.971386	sess_1454f20b	watch_01	00:01	3E:BB	56.0	-83.0
2026-04-23T00:19:02.971389	sess_1454f20b	watch_01	00:01	3E:BB	46.0	-83.5
2026-04-23T00:19:02.971392	sess_1454f20b	watch_01	00:01	3E:BB	62.0	-83.0
2026-04-23T00:19:02.971394	sess_1454f20b	watch_01	00:01	3E:BB	66.0	-81.0
2026-04-23T00:19:02.971397	sess_1454f20b	watch_01	00:01	3E:BB	68.0	-83.5
2026-04-23T00:19:02.971399	sess_1454f20b	watch_01	00:01	3E:BB	144.0	-85.5
2026-04-23T00:19:02.971402	sess_1454f20b	watch_01	00:01	3E:BB	74.0	-84.0
2026-04-23T00:19:02.971405	sess_1454f20b	watch_01	00:01	3E:BB	79.0	-84.0
2026-04-23T00:19:02.971407	sess_1454f20b	watch_01	00:01	3E:BB	73.0	-84.5
2026-04-23T00:19:02.971410	sess_1454f20b	watch_01	00:01	3E:BB	71.0	-86.5
2026-04-23T00:19:02.971412	sess_1454f20b	watch_01	00:01	3E:BB	71.0	-85.5
2026-04-23T00:19:02.971415	sess_1454f20b	watch_01	00:01	3E:BB	79.0	-82.0
2026-04-23T00:19:02.971418	sess_1454f20b	watch_01	00:01	3E:BB	88.0	-82.5
2026-04-23T00:19:02.971420	sess_1454f20b	watch_01	00:01	3E:BB	118.0	-82.0
2026-04-23T00:19:02.971423	sess_1454f20b	watch_01	00:01	3E:BB	124.0	-84.0
2026-04-23T00:19:02.971426	sess_1454f20b	watch_01	00:01	3E:BB	94.0	-83.0
2026-04-23T00:19:02.971428	sess_1454f20b	watch_01	00:01	3E:BB	90.0	-85.5
2026-04-23T00:19:02.971431	sess_1454f20b	watch_01	00:01	3E:BB	51.0	-84.0
2026-04-23T00:19:02.971433	sess_1454f20b	watch_01	00:01	3E:BB	43.0	-83.0
2026-04-23T00:19:02.971436	sess_1454f20b	watch_01	00:01	3E:BB	45.0	-85.5
2026-04-23T00:19:02.971439	sess_1454f20b	watch_01	00:01	3E:BB	57.0	-80.0
2026-04-23T00:19:02.971441	sess_1454f20b	watch_01	00:01	3E:BB	56.0	-79.5
2026-04-23T00:19:02.971444	sess_1454f20b	watch_01	00:01	3E:BB	60.0	-78.5
2026-04-23T00:19:02.971447	sess_1454f20b	watch_01	00:01	3E:BB	58.0	-78.5
2026-04-23T00:19:02.971449	sess_1454f20b	watch_01	00:01	3E:BB	57.0	-81.5
2026-04-23T00:19:02.971452	sess_1454f20b	watch_01	00:01	3E:BB	44.0	-84.0
2026-04-23T00:19:02.971455	sess_1454f20b	watch_01	00:01	3E:BB	43.0	-84.0
2026-04-23T00:19:02.971457	sess_1454f20b	watch_01	00:01	3E:BB	73.0	-83.0
2026-04-23T00:19:02.971460	sess_1454f20b	watch_01	00:01	3E:BB	86.0	-82.5
2026-04-23T00:19:02.971463	sess_1454f20b	watch_01	00:01	3E:BB	120.0	-81.5
2026-04-23T00:19:02.971465	sess_1454f20b	watch_01	00:01	3E:BB	77.0	-83.0
2026-04-23T00:19:02.971468	sess_1454f20b	watch_01	00:01	3E:BB	51.0	-85.5
2026-04-23T00:19:02.971471	sess_1454f20b	watch_01	00:01	3E:BB	65.0	-82.5
2026-04-23T00:19:02.971473	sess_1454f20b	watch_01	00:01	3E:BB	65.0	-83.0
2026-04-23T00:19:02.971476	sess_1454f20b	watch_01	00:01	3E:BB	67.0	-82.5
2026-04-23T00:19:02.971479	sess_1454f20b	watch_01	00:01	3E:BB	59.0	-81.5
2026-04-23T00:19:02.971481	sess_1454f20b	watch_01	00:01	3E:BB	50.0	-82.0
2026-04-23T00:19:02.971484	sess_1454f20b	watch_01	00:01	3E:BB	56.0	-82.0
2026-04-23T00:22:39.639682	sess_944ea20c	watch_01	00:01	FA:6A	55.0	-75.0
2026-04-23T00:22:39.639714	sess_944ea20c	watch_01	00:01	FA:6A	56.0	-75.0
2026-04-23T00:22:39.639721	sess_944ea20c	watch_01	00:01	FA:6A	55.0	-74.0
2026-04-23T00:22:39.639726	sess_944ea20c	watch_01	00:01	FA:6A	54.0	-75.5
2026-04-23T00:22:39.639730	sess_944ea20c	watch_01	00:01	FA:6A	55.0	-75.5
2026-04-23T00:22:39.639736	sess_944ea20c	watch_01	00:01	FA:6A	53.0	-75.0
2026-04-23T00:22:39.639740	sess_944ea20c	watch_01	00:01	FA:6A	51.0	-76.0
2026-04-23T00:22:39.639743	sess_944ea20c	watch_01	00:01	FA:6A	51.0	-77.0
2026-04-23T00:22:39.639747	sess_944ea20c	watch_01	00:01	FA:6A	52.0	-75.5
2026-04-23T00:22:39.639751	sess_944ea20c	watch_01	00:01	FA:6A	54.0	-74.0
2026-04-23T00:22:39.639755	sess_944ea20c	watch_01	00:01	FA:6A	51.0	-76.0
2026-04-23T00:22:39.639758	sess_944ea20c	watch_01	00:01	FA:6A	51.0	-75.5
2026-04-23T00:22:39.639762	sess_944ea20c	watch_01	00:01	FA:6A	53.0	-76.5
2026-04-23T00:22:39.639766	sess_944ea20c	watch_01	00:01	FA:6A	50.0	-76.0
2026-04-23T00:22:39.639769	sess_944ea20c	watch_01	00:01	FA:6A	51.0	-75.5
2026-04-23T00:22:39.639773	sess_944ea20c	watch_01	00:01	FA:6A	47.0	-76.5
2026-04-23T00:22:39.639777	sess_944ea20c	watch_01	00:01	FA:6A	40.0	-75.5
2026-04-23T00:22:39.639780	sess_944ea20c	watch_01	00:01	FA:6A	47.0	-78.5
2026-04-23T00:22:39.639784	sess_944ea20c	watch_01	00:01	FA:6A	44.0	-77.0
2026-04-23T00:22:39.639787	sess_944ea20c	watch_01	00:01	FA:6A	53.0	-76.0
2026-04-23T00:22:39.639791	sess_944ea20c	watch_01	00:01	FA:6A	53.0	-77.0
2026-04-23T00:22:39.639794	sess_944ea20c	watch_01	00:01	FA:6A	57.0	-75.0
2026-04-23T00:22:39.639798	sess_944ea20c	watch_01	00:01	FA:6A	59.0	-73.5
2026-04-23T00:22:39.639801	sess_944ea20c	watch_01	00:01	FA:6A	56.0	-72.5
2026-04-23T00:22:39.639805	sess_944ea20c	watch_01	00:01	FA:6A	55.0	-72.0
2026-04-23T00:22:39.639809	sess_944ea20c	watch_01	00:01	FA:6A	57.0	-72.0
2026-04-23T00:22:39.639812	sess_944ea20c	watch_01	00:01	FA:6A	48.0	-75.0
2026-04-23T00:22:39.639816	sess_944ea20c	watch_01	00:01	FA:6A	55.0	-75.5
2026-04-23T00:22:39.639820	sess_944ea20c	watch_01	00:01	FA:6A	56.0	-75.5
2026-04-23T00:22:39.639823	sess_944ea20c	watch_01	00:01	FA:6A	52.0	-76.0
2026-04-23T00:22:39.639827	sess_944ea20c	watch_01	00:01	FA:6A	61.0	-70.5
2026-04-23T00:22:39.639830	sess_944ea20c	watch_01	00:01	FA:6A	39.0	-78.0
2026-04-23T00:22:39.639834	sess_944ea20c	watch_01	00:01	FA:6A	55.0	-77.0
2026-04-23T00:22:39.639837	sess_944ea20c	watch_01	00:01	FA:6A	56.0	-72.5
2026-04-23T00:22:39.639841	sess_944ea20c	watch_01	00:01	FA:6A	54.0	-75.5
2026-04-23T00:22:39.639845	sess_944ea20c	watch_01	00:01	FA:6A	53.0	-73.5
2026-04-23T00:22:39.639848	sess_944ea20c	watch_01	00:01	FA:6A	55.0	-74.5
2026-04-23T00:22:39.639856	sess_944ea20c	watch_01	00:01	FA:6A	55.0	-73.5
2026-04-23T00:22:39.639860	sess_944ea20c	watch_01	00:01	FA:6A	52.0	-72.0
2026-04-23T00:22:39.639864	sess_944ea20c	watch_01	00:01	FA:6A	54.0	-72.5
2026-04-23T00:22:39.639867	sess_944ea20c	watch_01	00:01	FA:6A	57.0	-73.0
2026-04-23T00:22:39.639871	sess_944ea20c	watch_01	00:01	FA:6A	54.0	-74.5
2026-04-23T00:22:39.639875	sess_944ea20c	watch_01	00:01	FA:6A	58.0	-75.5
2026-04-23T00:22:39.639878	sess_944ea20c	watch_01	00:01	FA:6A	54.0	-76.0
2026-04-23T00:22:39.639882	sess_944ea20c	watch_01	00:01	FA:6A	57.0	-74.0
2026-04-23T00:22:39.639886	sess_944ea20c	watch_01	00:01	FA:6A	58.0	-74.0
2026-04-23T00:22:39.639889	sess_944ea20c	watch_01	00:01	FA:6A	55.0	-74.5
2026-04-23T00:22:39.639893	sess_944ea20c	watch_01	00:01	FA:6A	55.0	-73.0
2026-04-23T00:22:39.639897	sess_944ea20c	watch_01	00:01	FA:6A	55.0	-74.5
2026-04-23T00:22:39.639900	sess_944ea20c	watch_01	00:01	FA:6A	54.0	-73.5
2026-04-23T00:22:39.639904	sess_944ea20c	watch_01	00:01	FA:6A	56.0	-75.5
2026-04-23T00:22:39.639907	sess_944ea20c	watch_01	00:01	FA:6A	55.0	-75.5
2026-04-23T00:22:39.639911	sess_944ea20c	watch_01	00:01	FA:6A	53.0	-75.0
2026-04-23T00:22:39.639915	sess_944ea20c	watch_01	00:01	FA:6A	54.0	-75.5
2026-04-23T00:22:39.639918	sess_944ea20c	watch_01	00:01	FA:6A	55.0	-73.0
2026-04-23T00:22:39.639922	sess_944ea20c	watch_01	00:01	FA:6A	54.0	-73.5
2026-04-23T00:22:39.639925	sess_944ea20c	watch_01	00:01	FA:6A	49.0	-78.5
2026-04-23T00:22:39.639929	sess_944ea20c	watch_01	00:01	FA:6A	54.0	-75.5
2026-04-23T00:22:39.639933	sess_944ea20c	watch_01	00:01	FA:6A	54.0	-75.5
2026-04-23T00:22:39.639936	sess_944ea20c	watch_01	00:01	FA:6A	55.0	-74.5
2026-04-23T00:22:39.639940	sess_944ea20c	watch_01	00:01	FA:6A	55.0	-75.0
2026-04-23T00:22:39.639943	sess_944ea20c	watch_01	00:01	FA:6A	55.0	-75.5
2026-04-23T00:22:39.639947	sess_944ea20c	watch_01	00:01	FA:6A	55.0	-76.0
2026-04-23T00:22:39.639951	sess_944ea20c	watch_01	00:01	FA:6A	56.0	-74.5
2026-04-23T00:22:39.639954	sess_944ea20c	watch_01	00:01	FA:6A	51.0	-74.5
2026-04-23T00:22:39.639958	sess_944ea20c	watch_01	00:01	FA:6A	52.0	-75.5
2026-04-23T00:22:39.639962	sess_944ea20c	watch_01	00:01	FA:6A	54.0	-74.5
2026-04-23T00:22:39.639966	sess_944ea20c	watch_01	00:01	FA:6A	54.0	-74.0
2026-04-23T00:22:39.639969	sess_944ea20c	watch_01	00:01	FA:6A	53.0	-75.0
2026-04-23T00:22:39.639973	sess_944ea20c	watch_01	00:01	FA:6A	51.0	-75.5
2026-04-23T00:22:39.639977	sess_944ea20c	watch_01	00:01	FA:6A	56.0	-75.5
2026-04-23T00:22:39.639981	sess_944ea20c	watch_01	00:01	FA:6A	50.0	-74.0
2026-04-23T00:22:39.639984	sess_944ea20c	watch_01	00:01	FA:6A	53.0	-75.5
2026-04-23T00:22:39.639988	sess_944ea20c	watch_01	00:01	FA:6A	54.0	-75.5
2026-04-23T00:22:39.639992	sess_944ea20c	watch_01	00:01	FA:6A	54.0	-76.0
2026-04-23T00:22:39.639995	sess_944ea20c	watch_01	00:01	FA:6A	55.0	-76.0
2026-04-23T00:22:39.639999	sess_944ea20c	watch_01	00:01	FA:6A	51.0	-74.5
2026-04-23T00:22:39.640003	sess_944ea20c	watch_01	00:01	FA:6A	53.0	-75.5
2026-04-23T00:22:39.640006	sess_944ea20c	watch_01	00:01	FA:6A	54.0	-75.5
