timestamp	distance_cm	rssi_dbm
2025-07-13T13:13:49.089513	424.0	-84.5
2025-07-13T13:13:49.089611	428.0	-84.0
2025-07-13T13:13:49.089638	435.0	-84.0
2025-07-13T13:13:49.089666	433.0	-84.5
2025-07-13T13:13:49.089692	430.0	-84.5
2025-07-13T13:13:49.089717	434.0	-84.5
2025-07-13T13:13:49.089741	440.0	-84.5
2025-07-13T13:13:49.089766	428.0	-84.0
2025-07-13T13:13:49.089789	433.0	-84.5
2025-07-13T13:13:49.089812	436.0	-84.5
2025-07-13T13:13:49.089835	428.0	-84.0
2025-07-13T13:13:49.089857	439.0	-84.5
2025-07-13T13:13:49.089880	435.0	-84.5
2025-07-13T13:14:31.642101	429.0	-84.5
2025-07-13T13:14:31.642226	438.0	-84.5
2025-07-13T13:14:31.642253	435.0	-84.5
2025-07-13T13:14:31.642283	439.0	-84.5
2025-07-13T13:14:31.642312	436.0	-84.5
2025-07-13T13:14:31.642337	436.0	-84.5
2025-07-13T13:14:31.642360	434.0	-84.5
2025-07-13T13:14:31.642383	436.0	-84.0
2025-07-13T13:14:31.642406	431.0	-84.5
2025-07-13T13:14:31.642429	439.0	-84.0
2025-07-13T13:14:31.642451	429.0	-84.0
2025-07-13T13:14:31.642473	438.0	-84.5
2025-07-13T13:14:31.642496	436.0	-84.5
2025-07-13T13:15:14.144983	440.0	-85.0
2025-07-13T13:15:14.145041	437.0	-84.5
2025-07-13T13:15:14.145072	434.0	-84.5
2025-07-13T13:15:14.145101	431.0	-84.5
2025-07-13T13:15:14.145125	430.0	-84.5
2025-07-13T13:15:14.145149	432.0	-84.5
2025-07-13T13:15:14.145173	436.0	-84.5
2025-07-13T13:15:14.145197	433.0	-84.5
2025-07-13T13:15:14.145221	432.0	-84.0
2025-07-13T13:15:14.145243	435.0	-84.5
2025-07-13T13:15:14.145267	429.0	-84.0
2025-07-13T13:15:14.145289	433.0	-84.5
2025-07-13T13:15:14.145312	438.0	-84.5
2025-07-13T13:15:56.763731	436.0	-84.5
2025-07-13T13:15:56.763794	438.0	-84.5
2025-07-13T13:15:56.763821	436.0	-84.0
2025-07-13T13:15:56.763848	438.0	-84.0
2025-07-13T13:15:56.763872	436.0	-84.5
2025-07-13T13:15:56.763896	433.0	-84.5
2025-07-13T13:15:56.763920	437.0	-84.5
2025-07-13T13:15:56.763943	437.0	-84.0
2025-07-13T13:15:56.763966	433.0	-85.0
2025-07-13T13:15:56.763989	433.0	-84.5
2025-07-13T13:15:56.764011	432.0	-84.5
2025-07-13T13:15:56.764035	430.0	-84.0
2025-07-13T13:15:56.764058	432.0	-84.0
2025-07-13T13:16:39.180171	431.0	-84.5
2025-07-13T13:16:39.180234	433.0	-84.0
2025-07-13T13:16:39.180260	435.0	-84.0
2025-07-13T13:16:39.180284	440.0	-84.0
2025-07-13T13:16:39.180311	433.0	-84.5
2025-07-13T13:16:39.180335	431.0	-84.5
2025-07-13T13:16:39.180359	431.0	-84.5
2025-07-13T13:16:39.180382	437.0	-84.5
2025-07-13T13:16:39.180406	435.0	-84.0
2025-07-13T13:16:39.180429	436.0	-84.0
2025-07-13T13:16:39.180451	434.0	-85.0
2025-07-13T13:16:39.180473	439.0	-84.5
2025-07-13T13:16:39.180496	422.0	-84.5
2025-07-13T13:16:39.180519	431.0	-84.0
2025-07-13T13:17:21.729139	424.0	-84.5
2025-07-13T13:17:21.729203	434.0	-84.5
2025-07-13T13:17:21.729230	430.0	-84.5
2025-07-13T13:17:21.729259	432.0	-84.5
2025-07-13T13:17:21.729301	436.0	-84.5
2025-07-13T13:17:21.729327	428.0	-84.5
2025-07-13T13:17:21.729351	432.0	-84.0
2025-07-13T13:17:21.729375	433.0	-84.5
2025-07-13T13:17:21.729399	433.0	-84.0
2025-07-13T13:17:21.729422	437.0	-84.0
2025-07-13T13:17:21.729445	436.0	-84.5
2025-07-13T13:17:21.729468	428.0	-84.0
2025-07-13T13:17:21.729491	423.0	-84.0
2025-07-13T13:18:04.227968	436.0	-84.5
2025-07-13T13:18:04.228031	433.0	-84.5
2025-07-13T13:18:04.228057	435.0	-84.5
2025-07-13T13:18:04.228086	437.0	-84.5
2025-07-13T13:18:04.228110	436.0	-84.5
2025-07-13T13:18:04.228135	437.0	-84.5
2025-07-13T13:18:04.228159	428.0	-84.5
2025-07-13T13:18:04.228183	437.0	-84.5
2025-07-13T13:18:04.228207	429.0	-84.0
2025-07-13T13:18:04.228230	432.0	-84.5
2025-07-13T13:18:04.228253	433.0	-84.5
2025-07-13T13:18:04.228276	435.0	-84.0
2025-07-13T13:18:04.228299	433.0	-84.5
2025-07-13T13:18:46.698527	437.0	-84.5
2025-07-13T13:18:46.698591	432.0	-84.5
2025-07-13T13:18:46.698617	437.0	-84.5
2025-07-13T13:18:46.698645	425.0	-84.0
2025-07-13T13:18:46.698668	433.0	-85.0
2025-07-13T13:18:46.698691	428.0	-84.5
2025-07-13T13:18:46.698714	438.0	-84.5
2025-07-13T13:18:46.698737	437.0	-84.5
2025-07-13T13:18:46.698760	439.0	-84.0
2025-07-13T13:18:46.698782	435.0	-84.5
2025-07-13T13:18:46.698805	430.0	-84.5
2025-07-13T13:18:46.698828	428.0	-84.5
2025-07-13T13:18:46.698851	438.0	-84.5
2025-07-13T13:19:29.333484	433.0	-85.0
2025-07-13T13:19:29.333541	428.0	-84.5
2025-07-13T13:19:29.333573	436.0	-84.5
2025-07-13T13:19:29.333601	436.0	-84.0
2025-07-13T13:19:29.333624	434.0	-85.0
2025-07-13T13:19:29.333647	434.0	-84.5
2025-07-13T13:19:29.333670	432.0	-84.5
2025-07-13T13:19:29.333693	440.0	-84.5
2025-07-13T13:19:29.333718	433.0	-84.0
2025-07-13T13:19:29.333741	433.0	-84.5
2025-07-13T13:19:29.333765	429.0	-84.5
2025-07-13T13:19:29.333789	426.0	-84.5
2025-07-13T13:19:29.333812	431.0	-84.0
2025-07-13T13:20:11.917998	432.0	-84.5
2025-07-13T13:20:11.918062	424.0	-84.0
2025-07-13T13:20:11.918088	432.0	-84.5
2025-07-13T13:20:11.918160	429.0	-84.0
2025-07-13T13:20:11.918186	433.0	-84.0
2025-07-13T13:20:11.918209	432.0	-85.0
2025-07-13T13:20:11.918232	429.0	-84.5
2025-07-13T13:20:11.918256	422.0	-84.0
2025-07-13T13:20:11.918278	435.0	-84.5
2025-07-13T13:20:11.918302	430.0	-84.5
2025-07-13T13:20:11.918326	429.0	-84.0
2025-07-13T13:20:11.918349	432.0	-84.5
2025-07-13T13:20:11.918372	438.0	-84.5
2025-07-13T13:20:54.522771	438.0	-84.5
2025-07-13T13:20:54.522834	433.0	-84.0
2025-07-13T13:20:54.522859	432.0	-85.0
2025-07-13T13:20:54.522886	433.0	-84.5
2025-07-13T13:20:54.522911	433.0	-84.0
2025-07-13T13:20:54.522934	438.0	-84.5
2025-07-13T13:20:54.522958	438.0	-84.0
2025-07-13T13:20:54.522982	425.0	-85.5
2025-07-13T13:20:54.523005	433.0	-84.5
2025-07-13T13:20:54.523029	431.0	-84.5
2025-07-13T13:20:54.523053	435.0	-84.5
2025-07-13T13:20:54.523076	426.0	-84.5
2025-07-13T13:20:54.523099	434.0	-84.0
2025-07-13T13:21:36.965459	431.0	-84.5
2025-07-13T13:21:36.965522	440.0	-84.5
2025-07-13T13:21:36.965548	434.0	-84.0
2025-07-13T13:21:36.965576	435.0	-84.5
2025-07-13T13:21:36.965600	433.0	-84.5
2025-07-13T13:21:36.965625	434.0	-84.0
2025-07-13T13:21:36.965648	433.0	-84.0
2025-07-13T13:21:36.965670	434.0	-84.0
2025-07-13T13:21:36.965693	438.0	-84.5
2025-07-13T13:21:36.965716	433.0	-84.0
2025-07-13T13:21:36.965738	432.0	-84.5
2025-07-13T13:21:36.965761	441.0	-84.0
2025-07-13T13:21:36.965783	436.0	-84.0
2025-07-13T13:22:19.532505	429.0	-84.5
2025-07-13T13:22:19.532570	437.0	-84.0
2025-07-13T13:22:19.532595	433.0	-84.0
2025-07-13T13:22:19.532622	436.0	-84.5
2025-07-13T13:22:19.532647	433.0	-84.5
2025-07-13T13:22:19.532670	433.0	-84.5
2025-07-13T13:22:19.532693	433.0	-84.0
2025-07-13T13:22:19.532715	434.0	-84.0
2025-07-13T13:22:19.532737	434.0	-84.5
2025-07-13T13:22:19.532761	433.0	-84.5
2025-07-13T13:22:19.532784	428.0	-84.5
2025-07-13T13:22:19.532808	431.0	-84.5
2025-07-13T13:22:19.532831	434.0	-84.0
2025-07-13T13:23:02.208996	432.0	-84.5
2025-07-13T13:23:02.209061	434.0	-84.5
2025-07-13T13:23:02.209087	439.0	-84.0
2025-07-13T13:23:02.209115	434.0	-84.0
2025-07-13T13:23:02.209139	431.0	-84.5
2025-07-13T13:23:02.209163	430.0	-84.5
2025-07-13T13:23:02.209188	433.0	-84.5
2025-07-13T13:23:02.209212	431.0	-84.5
2025-07-13T13:23:02.209235	433.0	-84.5
2025-07-13T13:23:02.209259	428.0	-84.5
2025-07-13T13:23:02.209283	438.0	-85.0
2025-07-13T13:23:02.209305	437.0	-84.5
2025-07-13T13:23:02.209328	429.0	-84.0
2025-07-13T13:23:44.703633	432.0	-84.5
2025-07-13T13:23:44.703696	427.0	-84.5
2025-07-13T13:23:44.703723	432.0	-84.5
2025-07-13T13:23:44.703752	430.0	-84.5
2025-07-13T13:23:44.703776	431.0	-84.0
2025-07-13T13:23:44.703800	430.0	-84.5
2025-07-13T13:23:44.703824	435.0	-84.0
2025-07-13T13:23:44.703848	432.0	-84.5
2025-07-13T13:23:44.703872	437.0	-84.5
2025-07-13T13:23:44.703895	433.0	-84.0
2025-07-13T13:23:44.703918	437.0	-84.5
2025-07-13T13:23:44.703941	433.0	-84.5
2025-07-13T13:23:44.703964	436.0	-84.5
2025-07-13T13:24:27.304267	437.0	-84.5
2025-07-13T13:24:27.304331	434.0	-84.5
2025-07-13T13:24:27.304357	436.0	-84.0
2025-07-13T13:24:27.304385	436.0	-84.0
2025-07-13T13:24:27.304409	431.0	-84.0
2025-07-13T13:24:27.304431	437.0	-84.5
2025-07-13T13:24:27.304455	427.0	-84.5
2025-07-13T13:24:27.304480	439.0	-84.5
2025-07-13T13:24:27.304503	432.0	-84.5
2025-07-13T13:24:27.304526	432.0	-84.0
2025-07-13T13:24:27.304549	438.0	-84.5
2025-07-13T13:24:27.304572	432.0	-84.5
2025-07-13T13:24:27.304595	428.0	-84.0
2025-07-13T13:25:09.859089	434.0	-84.5
2025-07-13T13:25:09.859153	440.0	-84.5
2025-07-13T13:25:09.859180	438.0	-84.0
2025-07-13T13:25:09.859208	435.0	-84.5
2025-07-13T13:25:09.859233	431.0	-84.5
2025-07-13T13:25:09.859257	440.0	-84.0
2025-07-13T13:25:09.859280	429.0	-84.5
2025-07-13T13:25:09.859304	432.0	-84.5
2025-07-13T13:25:09.859326	435.0	-84.0
2025-07-13T13:25:09.859350	436.0	-84.5
2025-07-13T13:25:09.859373	435.0	-84.5
2025-07-13T13:25:09.859397	430.0	-84.0
2025-07-13T13:25:09.859419	438.0	-84.5
2025-07-13T13:25:52.713901	431.0	-84.5
2025-07-13T13:25:52.713965	433.0	-84.0
2025-07-13T13:25:52.713991	425.0	-84.0
2025-07-13T13:25:52.714019	438.0	-84.5
2025-07-13T13:25:52.714044	439.0	-84.0
2025-07-13T13:25:52.714067	436.0	-84.0
2025-07-13T13:25:52.714089	427.0	-84.5
2025-07-13T13:25:52.714159	434.0	-84.5
2025-07-13T13:25:52.714188	433.0	-84.5
2025-07-13T13:25:52.714212	431.0	-84.5
2025-07-13T13:25:52.714236	435.0	-84.5
2025-07-13T13:25:52.714259	433.0	-84.5
2025-07-13T13:25:52.714283	430.0	-84.0
2025-07-13T13:26:35.130582	431.0	-84.5
2025-07-13T13:26:35.130645	437.0	-84.5
2025-07-13T13:26:35.130672	434.0	-84.0
2025-07-13T13:26:35.130699	432.0	-84.0
2025-07-13T13:26:35.130723	434.0	-84.5
2025-07-13T13:26:35.130747	440.0	-84.5
2025-07-13T13:26:35.130772	433.0	-84.5
2025-07-13T13:26:35.130795	433.0	-84.5
2025-07-13T13:26:35.130818	433.0	-84.0
2025-07-13T13:26:35.130842	434.0	-84.5
2025-07-13T13:26:35.130865	435.0	-84.0
2025-07-13T13:26:35.130887	437.0	-84.5
2025-07-13T13:26:35.130911	435.0	-84.5
2025-07-13T13:27:17.715537	433.0	-84.5
2025-07-13T13:27:17.715601	436.0	-84.5
2025-07-13T13:27:17.715628	434.0	-84.0
2025-07-13T13:27:17.715656	434.0	-84.5
2025-07-13T13:27:17.715680	439.0	-84.5
2025-07-13T13:27:17.715705	435.0	-84.5
2025-07-13T13:27:17.715729	430.0	-84.5
2025-07-13T13:27:17.715754	441.0	-85.0
2025-07-13T13:27:17.715777	431.0	-84.5
2025-07-13T13:27:17.715802	432.0	-84.0
2025-07-13T13:27:17.715824	434.0	-84.0
2025-07-13T13:27:17.715847	431.0	-84.0
2025-07-13T13:27:17.715870	430.0	-84.5
2025-07-13T13:28:00.298099	433.0	-84.5
2025-07-13T13:28:00.298228	431.0	-84.5
2025-07-13T13:28:00.298255	432.0	-84.5
2025-07-13T13:28:00.298284	442.0	-84.5
2025-07-13T13:28:00.298309	435.0	-84.0
2025-07-13T13:28:00.298333	435.0	-84.0
2025-07-13T13:28:00.298356	433.0	-84.0
2025-07-13T13:28:00.298379	435.0	-84.5
2025-07-13T13:28:00.298402	429.0	-84.5
2025-07-13T13:28:00.298426	429.0	-84.5
2025-07-13T13:28:00.298450	425.0	-84.5
2025-07-13T13:28:00.298473	435.0	-84.5
2025-07-13T13:28:00.298496	438.0	-84.5
2025-07-13T13:28:42.800728	435.0	-84.5
2025-07-13T13:28:42.800792	437.0	-84.5
2025-07-13T13:28:42.800819	432.0	-84.0
2025-07-13T13:28:42.800847	434.0	-84.5
2025-07-13T13:28:42.800888	430.0	-84.0
2025-07-13T13:28:42.800913	426.0	-84.5
2025-07-13T13:28:42.800937	438.0	-84.5
2025-07-13T13:28:42.800963	433.0	-84.0
2025-07-13T13:28:42.800986	436.0	-84.5
2025-07-13T13:28:42.801010	440.0	-84.5
2025-07-13T13:28:42.801034	432.0	-84.5
2025-07-13T13:28:42.801057	435.0	-84.0
2025-07-13T13:28:42.801080	430.0	-84.5
2025-07-13T13:29:25.279491	436.0	-84.5
2025-07-13T13:29:25.279555	436.0	-84.0
2025-07-13T13:29:25.279581	435.0	-84.0
2025-07-13T13:29:25.279609	438.0	-84.0
2025-07-13T13:29:25.279632	428.0	-84.0
2025-07-13T13:29:25.279655	433.0	-84.5
2025-07-13T13:29:25.279679	428.0	-84.5
2025-07-13T13:29:25.279703	428.0	-84.5
2025-07-13T13:29:25.279726	436.0	-84.5
2025-07-13T13:29:25.279751	433.0	-84.0
2025-07-13T13:29:25.279773	428.0	-84.0
2025-07-13T13:29:25.279796	433.0	-84.0
2025-07-13T13:29:25.279819	431.0	-84.5
2025-07-13T13:30:07.784236	432.0	-84.0
2025-07-13T13:30:07.784293	438.0	-84.5
2025-07-13T13:30:07.784326	432.0	-84.0
2025-07-13T13:30:07.784354	433.0	-84.0
2025-07-13T13:30:07.784378	433.0	-84.5
2025-07-13T13:30:07.784402	432.0	-84.5
2025-07-13T13:30:07.784427	439.0	-84.5
2025-07-13T13:30:07.784450	434.0	-84.0
2025-07-13T13:30:07.784473	436.0	-84.0
2025-07-13T13:30:07.784496	430.0	-84.0
2025-07-13T13:30:07.784519	433.0	-84.5
2025-07-13T13:30:07.784543	435.0	-84.0
2025-07-13T13:30:07.784565	430.0	-84.0
2025-07-13T13:30:50.385006	436.0	-84.5
2025-07-13T13:30:50.385070	428.0	-84.0
2025-07-13T13:30:50.385095	439.0	-84.5
2025-07-13T13:30:50.385123	431.0	-84.5
2025-07-13T13:30:50.385148	435.0	-84.0
2025-07-13T13:30:50.385171	433.0	-84.0
2025-07-13T13:30:50.385194	435.0	-84.5
2025-07-13T13:30:50.385218	436.0	-84.5
2025-07-13T13:30:50.385241	433.0	-84.5
2025-07-13T13:30:50.385265	431.0	-84.5
2025-07-13T13:30:50.385288	438.0	-84.5
2025-07-13T13:30:50.385312	425.0	-84.5
2025-07-13T13:30:50.385335	438.0	-84.5
2025-07-13T13:31:32.889570	435.0	-84.5
2025-07-13T13:31:32.889633	429.0	-84.0
2025-07-13T13:31:32.889659	435.0	-84.0
2025-07-13T13:31:32.889687	427.0	-84.5
2025-07-13T13:31:32.889710	430.0	-84.5
2025-07-13T13:31:32.889735	440.0	-84.5
2025-07-13T13:31:32.889758	432.0	-84.5
2025-07-13T13:31:32.889783	432.0	-84.5
2025-07-13T13:31:32.889807	434.0	-84.5
2025-07-13T13:31:32.889830	436.0	-84.0
2025-07-13T13:31:32.889853	435.0	-84.0
2025-07-13T13:31:32.889876	426.0	-84.5
2025-07-13T13:31:32.889899	432.0	-84.5
2025-07-13T13:32:15.528733	430.0	-84.5
2025-07-13T13:32:15.528797	436.0	-84.0
2025-07-13T13:32:15.528823	442.0	-84.5
2025-07-13T13:32:15.528851	435.0	-84.5
2025-07-13T13:32:15.528876	436.0	-84.5
2025-07-13T13:32:15.528900	432.0	-84.5
2025-07-13T13:32:15.528923	431.0	-84.5
2025-07-13T13:32:15.528947	432.0	-85.0
2025-07-13T13:32:15.528969	432.0	-84.5
2025-07-13T13:32:15.528993	437.0	-84.5
2025-07-13T13:32:15.529017	429.0	-84.0
2025-07-13T13:32:15.529039	439.0	-84.5
2025-07-13T13:32:15.529062	434.0	-84.5
2025-07-13T13:32:58.177256	433.0	-84.5
2025-07-13T13:32:58.177319	436.0	-84.0
2025-07-13T13:32:58.177346	430.0	-84.0
2025-07-13T13:32:58.177373	435.0	-84.5
2025-07-13T13:32:58.177398	433.0	-84.0
2025-07-13T13:32:58.177420	429.0	-84.5
2025-07-13T13:32:58.177444	437.0	-84.5
2025-07-13T13:32:58.177467	433.0	-84.5
2025-07-13T13:32:58.177491	437.0	-84.5
2025-07-13T13:32:58.177514	429.0	-84.5
2025-07-13T13:32:58.177537	435.0	-84.5
2025-07-13T13:32:58.177561	432.0	-84.0
2025-07-13T13:32:58.177584	437.0	-84.5
2025-07-13T13:33:40.631986	434.0	-84.5
2025-07-13T13:33:40.632050	433.0	-84.5
2025-07-13T13:33:40.632076	439.0	-84.5
2025-07-13T13:33:40.632105	436.0	-84.5
2025-07-13T13:33:40.632129	434.0	-84.0
2025-07-13T13:33:40.632152	434.0	-84.0
2025-07-13T13:33:40.632175	427.0	-84.0
2025-07-13T13:33:40.632198	433.0	-84.0
2025-07-13T13:33:40.632221	435.0	-84.0
2025-07-13T13:33:40.632243	434.0	-84.5
2025-07-13T13:33:40.632266	434.0	-84.5
2025-07-13T13:33:40.632289	430.0	-85.0
2025-07-13T13:33:40.632313	442.0	-84.5
2025-07-13T13:34:23.042705	537.0	-87.0
2025-07-13T13:34:23.042761	533.0	-87.0
2025-07-13T13:34:23.042787	554.0	-87.0
2025-07-13T13:34:23.042814	553.0	-87.0
2025-07-13T13:34:23.042838	553.0	-87.5
2025-07-13T13:34:23.042867	546.0	-87.5
2025-07-13T13:34:23.042892	549.0	-87.0
2025-07-13T13:34:23.042915	523.0	-87.5
2025-07-13T13:34:23.042938	554.0	-87.0
2025-07-13T13:34:23.042961	538.0	-87.0
2025-07-13T13:34:23.042984	537.0	-87.5
2025-07-13T13:34:23.043008	551.0	-87.0
2025-07-13T13:34:23.043030	553.0	-87.5
2025-07-13T13:35:05.713398	554.0	-87.0
2025-07-13T13:35:05.713455	549.0	-87.5
2025-07-13T13:35:05.713487	533.0	-87.0
2025-07-13T13:35:05.713515	553.0	-87.5
2025-07-13T13:35:05.713539	525.0	-87.0
2025-07-13T13:35:05.713563	531.0	-87.5
2025-07-13T13:35:05.713586	543.0	-88.0
2025-07-13T13:35:05.713609	535.0	-87.0
2025-07-13T13:35:05.713632	561.0	-87.5
2025-07-13T13:35:05.713655	554.0	-87.5
2025-07-13T13:35:05.713678	536.0	-87.5
2025-07-13T13:35:05.713702	559.0	-87.5
2025-07-13T13:35:05.713724	539.0	-87.0
2025-07-13T13:35:48.162105	544.0	-87.5
2025-07-13T13:35:48.162215	547.0	-87.5
2025-07-13T13:35:48.162242	543.0	-87.5
2025-07-13T13:35:48.162271	523.0	-87.0
2025-07-13T13:35:48.162295	537.0	-87.5
2025-07-13T13:35:48.162319	547.0	-87.0
2025-07-13T13:35:48.162342	554.0	-87.0
2025-07-13T13:35:48.162365	554.0	-87.0
2025-07-13T13:35:48.162388	554.0	-88.0
2025-07-13T13:35:48.162411	552.0	-87.5
2025-07-13T13:35:48.162435	543.0	-88.0
2025-07-13T13:35:48.162458	528.0	-87.5
2025-07-13T13:35:48.162481	554.0	-87.5
2025-07-13T13:36:30.806823	555.0	-87.0
2025-07-13T13:36:30.806880	557.0	-87.5
2025-07-13T13:36:30.806911	555.0	-87.5
2025-07-13T13:36:30.806940	546.0	-87.5
2025-07-13T13:36:30.806965	531.0	-87.0
2025-07-13T13:36:30.806988	552.0	-87.0
2025-07-13T13:36:30.807011	555.0	-87.0
2025-07-13T13:36:30.807033	554.0	-87.0
2025-07-13T13:36:30.807057	525.0	-87.0
2025-07-13T13:36:30.807080	542.0	-87.5
2025-07-13T13:36:30.807103	540.0	-88.0
2025-07-13T13:36:30.807127	553.0	-87.0
2025-07-13T13:36:30.807150	546.0	-88.0
2025-07-13T13:37:13.255332	539.0	-87.5
2025-07-13T13:37:13.255395	537.0	-87.5
2025-07-13T13:37:13.255422	542.0	-87.5
2025-07-13T13:37:13.255451	556.0	-87.5
2025-07-13T13:37:13.255475	532.0	-87.5
2025-07-13T13:37:13.255499	556.0	-87.5
2025-07-13T13:37:13.255523	548.0	-87.5
2025-07-13T13:37:13.255546	519.0	-88.0
2025-07-13T13:37:13.255568	544.0	-87.5
2025-07-13T13:37:13.255592	555.0	-87.0
2025-07-13T13:37:13.255614	549.0	-87.5
2025-07-13T13:37:13.255637	555.0	-87.5
2025-07-13T13:37:13.255661	536.0	-87.5
2025-07-13T13:37:55.888196	531.0	-87.5
2025-07-13T13:37:55.888260	557.0	-88.0
2025-07-13T13:37:55.888285	554.0	-88.0
2025-07-13T13:37:55.888310	524.0	-88.0
2025-07-13T13:37:55.888337	546.0	-88.0
2025-07-13T13:37:55.888360	541.0	-88.0
2025-07-13T13:37:55.888383	554.0	-88.0
2025-07-13T13:37:55.888405	540.0	-88.0
2025-07-13T13:37:55.888429	547.0	-87.5
2025-07-13T13:37:55.888453	545.0	-88.0
2025-07-13T13:37:55.888476	554.0	-88.0
2025-07-13T13:37:55.888498	540.0	-87.0
2025-07-13T13:37:55.888521	544.0	-88.0
2025-07-13T13:37:55.888543	554.0	-87.5
2025-07-13T13:38:38.360930	529.0	-88.0
2025-07-13T13:38:38.360988	536.0	-87.5
2025-07-13T13:38:38.361020	549.0	-87.5
2025-07-13T13:38:38.361048	542.0	-87.5
2025-07-13T13:38:38.361073	552.0	-88.0
2025-07-13T13:38:38.361096	539.0	-87.0
2025-07-13T13:38:38.361120	534.0	-87.0
2025-07-13T13:38:38.361142	552.0	-87.5
2025-07-13T13:38:38.361166	553.0	-87.5
2025-07-13T13:38:38.361189	538.0	-87.0
2025-07-13T13:38:38.361212	553.0	-87.5
2025-07-13T13:38:38.361235	547.0	-87.0
2025-07-13T13:38:38.361257	552.0	-87.5
2025-07-13T13:39:21.019635	549.0	-87.5
2025-07-13T13:39:21.019698	541.0	-87.5
2025-07-13T13:39:21.019725	549.0	-87.0
2025-07-13T13:39:21.019753	550.0	-87.5
2025-07-13T13:39:21.019778	556.0	-87.5
2025-07-13T13:39:21.019802	545.0	-88.0
2025-07-13T13:39:21.019825	541.0	-88.0
2025-07-13T13:39:21.019847	830.0	-87.5
2025-07-13T13:39:21.019871	540.0	-87.5
2025-07-13T13:39:21.019895	535.0	-87.5
2025-07-13T13:39:21.019919	520.0	-87.0
2025-07-13T13:39:21.019942	553.0	-87.5
2025-07-13T13:39:21.019965	530.0	-87.5
2025-07-13T13:40:03.922439	541.0	-88.0
2025-07-13T13:40:03.922496	537.0	-88.0
2025-07-13T13:40:03.922523	555.0	-88.0
2025-07-13T13:40:03.922550	539.0	-88.0
2025-07-13T13:40:03.922574	553.0	-88.0
2025-07-13T13:40:03.922598	544.0	-88.0
2025-07-13T13:40:03.922621	538.0	-88.0
2025-07-13T13:40:03.922643	556.0	-88.0
2025-07-13T13:40:03.922666	557.0	-88.0
2025-07-13T13:40:03.922690	539.0	-88.0
2025-07-13T13:40:03.922713	556.0	-88.0
2025-07-13T13:40:03.922736	536.0	-88.0
2025-07-13T13:40:03.922759	538.0	-88.0
2025-07-13T13:40:46.419389	525.0	-87.0
2025-07-13T13:40:46.419447	555.0	-87.5
2025-07-13T13:40:46.419478	543.0	-87.0
2025-07-13T13:40:46.419506	553.0	-88.0
2025-07-13T13:40:46.419530	538.0	-88.0
2025-07-13T13:40:46.419553	553.0	-88.0
2025-07-13T13:40:46.419576	540.0	-88.0
2025-07-13T13:40:46.419600	556.0	-87.5
2025-07-13T13:40:46.419625	548.0	-87.5
2025-07-13T13:40:46.419649	552.0	-87.5
2025-07-13T13:40:46.419673	554.0	-87.5
2025-07-13T13:40:46.419696	554.0	-87.0
2025-07-13T13:40:46.419719	554.0	-87.5
2025-07-13T13:41:29.131874	533.0	-88.5
2025-07-13T13:41:29.131939	549.0	-88.0
2025-07-13T13:41:29.131965	548.0	-87.5
2025-07-13T13:41:29.131994	549.0	-87.5
2025-07-13T13:41:29.132018	542.0	-88.0
2025-07-13T13:41:29.132041	532.0	-87.5
2025-07-13T13:41:29.132066	551.0	-87.5
2025-07-13T13:41:29.132089	533.0	-87.5
2025-07-13T13:41:29.132112	547.0	-87.5
2025-07-13T13:41:29.132136	556.0	-88.0
2025-07-13T13:41:29.132159	538.0	-87.5
2025-07-13T13:41:29.132182	532.0	-88.0
2025-07-13T13:41:29.132205	551.0	-88.0
2025-07-13T13:42:11.814541	551.0	-88.0
2025-07-13T13:42:11.814600	536.0	-87.5
2025-07-13T13:42:11.814632	552.0	-87.5
2025-07-13T13:42:11.814661	538.0	-88.0
2025-07-13T13:42:11.814685	550.0	-87.5
2025-07-13T13:42:11.814710	531.0	-88.0
2025-07-13T13:42:11.814733	554.0	-88.0
2025-07-13T13:42:11.814756	557.0	-88.0
2025-07-13T13:42:11.814779	554.0	-88.0
2025-07-13T13:42:11.814802	550.0	-87.5
2025-07-13T13:42:11.814825	531.0	-87.5
2025-07-13T13:42:11.814849	537.0	-87.5
2025-07-13T13:42:11.814872	540.0	-88.0
2025-07-13T13:42:54.517421	531.0	-88.5
2025-07-13T13:42:54.517485	539.0	-88.0
2025-07-13T13:42:54.517510	557.0	-88.0
2025-07-13T13:42:54.517538	540.0	-87.5
2025-07-13T13:42:54.517563	545.0	-87.5
2025-07-13T13:42:54.517587	544.0	-88.0
2025-07-13T13:42:54.517610	532.0	-87.0
2025-07-13T13:42:54.517634	542.0	-87.0
2025-07-13T13:42:54.517657	520.0	-88.0
2025-07-13T13:42:54.517679	551.0	-87.0
2025-07-13T13:42:54.517702	532.0	-88.0
2025-07-13T13:42:54.517725	531.0	-87.5
2025-07-13T13:42:54.517748	534.0	-88.0
2025-07-13T13:43:36.960064	505.0	-110.5
2025-07-13T13:43:36.960130	497.0	-92.0
2025-07-13T13:43:36.960156	567.0	-90.5
2025-07-13T13:43:36.960182	552.0	-91.0
2025-07-13T13:43:36.960205	523.0	-90.5
2025-07-13T13:43:36.960230	516.0	-90.0
2025-07-13T13:43:36.960253	524.0	-88.0
2025-07-13T13:43:36.960278	523.0	-89.0
2025-07-13T13:43:36.960301	514.0	-88.5
2025-07-13T13:43:36.960325	514.0	-91.5
2025-07-13T13:43:36.960349	511.0	-91.0
2025-07-13T13:44:19.458793	559.0	-88.0
2025-07-13T13:44:19.458850	527.0	-87.5
2025-07-13T13:44:19.458882	548.0	-88.0
2025-07-13T13:44:19.458910	561.0	-87.5
2025-07-13T13:44:19.458935	553.0	-88.0
2025-07-13T13:44:19.458958	538.0	-88.0
2025-07-13T13:44:19.458981	553.0	-88.0
2025-07-13T13:44:19.459004	540.0	-88.0
2025-07-13T13:44:19.459027	557.0	-87.5
2025-07-13T13:44:19.459051	557.0	-87.5
2025-07-13T13:44:19.459074	528.0	-87.5
2025-07-13T13:44:19.459098	550.0	-87.5
2025-07-13T13:44:19.459122	562.0	-87.5
2025-07-13T13:45:02.043697	548.0	-87.5
2025-07-13T13:45:02.043759	553.0	-88.0
2025-07-13T13:45:02.043785	557.0	-88.0
2025-07-13T13:45:02.043813	554.0	-88.0
2025-07-13T13:45:02.043836	534.0	-88.0
2025-07-13T13:45:02.043859	548.0	-87.0
2025-07-13T13:45:02.043882	531.0	-88.0
2025-07-13T13:45:02.043905	531.0	-88.0
2025-07-13T13:45:02.043928	533.0	-88.0
2025-07-13T13:45:02.043950	521.0	-88.0
2025-07-13T13:45:02.043973	557.0	-88.0
2025-07-13T13:45:02.043995	537.0	-88.0
2025-07-13T13:45:02.044018	548.0	-87.5
2025-07-13T13:45:44.526532	523.0	-87.0
2025-07-13T13:45:44.526590	556.0	-86.5
2025-07-13T13:45:44.526623	534.0	-87.0
2025-07-13T13:45:44.526651	553.0	-87.5
2025-07-13T13:45:44.526676	547.0	-88.0
2025-07-13T13:45:44.526700	534.0	-88.0
2025-07-13T13:45:44.526722	539.0	-87.5
2025-07-13T13:45:44.526746	538.0	-87.5
2025-07-13T13:45:44.526770	541.0	-87.5
2025-07-13T13:45:44.526794	554.0	-87.0
2025-07-13T13:45:44.526817	552.0	-87.0
2025-07-13T13:45:44.526840	532.0	-87.0
2025-07-13T13:45:44.526862	529.0	-87.5
2025-07-13T13:46:27.130824	516.0	-87.5
2025-07-13T13:46:27.130889	534.0	-87.5
2025-07-13T13:46:27.130916	532.0	-87.0
2025-07-13T13:46:27.130944	518.0	-87.0
2025-07-13T13:46:27.130967	524.0	-87.0
2025-07-13T13:46:27.130990	536.0	-87.5
2025-07-13T13:46:27.131013	539.0	-87.5
2025-07-13T13:46:27.131037	535.0	-87.5
2025-07-13T13:46:27.131060	545.0	-87.0
2025-07-13T13:46:27.131082	525.0	-87.0
2025-07-13T13:46:27.131105	527.0	-87.0
2025-07-13T13:46:27.131127	524.0	-87.0
2025-07-13T13:46:27.131150	531.0	-87.0
2025-07-13T13:47:10.051812	530.0	-88.0
2025-07-13T13:47:10.051870	541.0	-88.0
2025-07-13T13:47:10.051895	521.0	-88.5
2025-07-13T13:47:10.051930	534.0	-88.0
2025-07-13T13:47:10.051954	538.0	-88.0
2025-07-13T13:47:10.051977	535.0	-87.5
2025-07-13T13:47:10.052000	552.0	-87.5
2025-07-13T13:47:10.052024	527.0	-88.0
2025-07-13T13:47:10.052046	538.0	-88.0
2025-07-13T13:47:10.052069	534.0	-88.0
2025-07-13T13:47:10.052091	539.0	-88.0
2025-07-13T13:47:10.052113	544.0	-88.0
2025-07-13T13:47:10.052136	516.0	-88.0
2025-07-13T13:47:52.794437	542.0	-88.0
2025-07-13T13:47:52.794495	546.0	-87.5
2025-07-13T13:47:52.794526	543.0	-87.5
2025-07-13T13:47:52.794551	540.0	-87.5
2025-07-13T13:47:52.794579	517.0	-87.0
2025-07-13T13:47:52.794602	537.0	-87.0
2025-07-13T13:47:52.794626	557.0	-87.0
2025-07-13T13:47:52.794649	544.0	-87.0
2025-07-13T13:47:52.794672	545.0	-87.0
2025-07-13T13:47:52.794695	546.0	-87.0
2025-07-13T13:47:52.794718	545.0	-87.0
2025-07-13T13:47:52.794740	530.0	-87.0
2025-07-13T13:47:52.794763	535.0	-87.0
2025-07-13T13:47:52.794785	526.0	-87.0
2025-07-13T13:48:35.357176	532.0	-87.0
2025-07-13T13:48:35.357233	549.0	-88.0
2025-07-13T13:48:35.357259	531.0	-87.5
2025-07-13T13:48:35.357293	524.0	-88.0
2025-07-13T13:48:35.357317	536.0	-88.0
2025-07-13T13:48:35.357340	544.0	-88.0
2025-07-13T13:48:35.357365	543.0	-87.5
2025-07-13T13:48:35.357389	550.0	-88.0
2025-07-13T13:48:35.357412	533.0	-87.5
2025-07-13T13:48:35.357436	543.0	-88.0
2025-07-13T13:48:35.357459	539.0	-87.5
2025-07-13T13:48:35.357482	539.0	-88.0
2025-07-13T13:48:35.357505	540.0	-88.0
2025-07-13T13:49:18.351831	181.0	-80.0
2025-07-13T13:49:18.351888	178.0	-79.5
2025-07-13T13:49:18.351920	180.0	-80.0
2025-07-13T13:49:18.351949	177.0	-79.5
2025-07-13T13:49:18.351973	175.0	-80.0
2025-07-13T13:49:18.351997	180.0	-78.0
2025-07-13T13:49:18.352021	179.0	-80.5
2025-07-13T13:49:18.352045	176.0	-80.0
2025-07-13T13:49:18.352068	177.0	-80.0
2025-07-13T13:49:18.352092	178.0	-80.5
2025-07-13T13:49:18.352116	181.0	-79.0
2025-07-13T13:49:18.352139	179.0	-79.5
2025-07-13T13:49:18.352163	176.0	-80.0
2025-07-13T13:50:00.746713	175.0	-81.0
2025-07-13T13:50:00.746770	181.0	-79.5
2025-07-13T13:50:00.746803	182.0	-78.5
2025-07-13T13:50:00.746831	180.0	-81.0
2025-07-13T13:50:00.746855	178.0	-81.0
2025-07-13T13:50:00.746878	175.0	-79.0
2025-07-13T13:50:00.746901	180.0	-79.0
2025-07-13T13:50:00.746924	178.0	-80.0
2025-07-13T13:50:00.746947	175.0	-78.5
2025-07-13T13:50:00.746971	182.0	-78.0
2025-07-13T13:50:00.746994	177.0	-80.5
2025-07-13T13:50:00.747017	180.0	-80.5
2025-07-13T13:50:00.747041	181.0	-79.5
2025-07-13T13:50:43.427293	178.0	-79.5
2025-07-13T13:50:43.427357	179.0	-81.0
2025-07-13T13:50:43.427383	176.0	-80.0
2025-07-13T13:50:43.427412	182.0	-79.0
2025-07-13T13:50:43.427436	178.0	-79.5
2025-07-13T13:50:43.427459	177.0	-79.0
2025-07-13T13:50:43.427482	178.0	-79.0
2025-07-13T13:50:43.427505	178.0	-80.5
2025-07-13T13:50:43.427529	177.0	-80.0
2025-07-13T13:50:43.427552	175.0	-80.0
2025-07-13T13:50:43.427576	183.0	-80.5
2025-07-13T13:50:43.427599	175.0	-79.5
2025-07-13T13:50:43.427623	181.0	-80.0
2025-07-13T13:51:26.018067	180.0	-80.5
2025-07-13T13:51:26.018174	180.0	-79.5
2025-07-13T13:51:26.018203	180.0	-79.5
2025-07-13T13:51:26.018236	180.0	-79.0
2025-07-13T13:51:26.018265	174.0	-80.5
2025-07-13T13:51:26.018289	179.0	-79.5
2025-07-13T13:51:26.018314	183.0	-79.5
2025-07-13T13:51:26.018338	183.0	-79.0
2025-07-13T13:51:26.018361	178.0	-79.0
2025-07-13T13:51:26.018385	178.0	-80.0
2025-07-13T13:51:26.018409	174.0	-80.5
2025-07-13T13:51:26.018432	176.0	-80.0
2025-07-13T13:51:26.018455	178.0	-78.5
2025-07-13T13:51:26.018478	178.0	-79.0
2025-07-13T13:52:08.450787	175.0	-81.0
2025-07-13T13:52:08.450844	175.0	-80.5
2025-07-13T13:52:08.450877	182.0	-80.0
2025-07-13T13:52:08.450905	175.0	-80.0
2025-07-13T13:52:08.450929	182.0	-79.5
2025-07-13T13:52:08.450953	177.0	-80.5
2025-07-13T13:52:08.450977	177.0	-80.5
2025-07-13T13:52:08.451000	177.0	-80.0
2025-07-13T13:52:08.451023	179.0	-80.5
2025-07-13T13:52:08.451046	179.0	-80.5
2025-07-13T13:52:08.451069	183.0	-78.5
2025-07-13T13:52:08.451092	181.0	-79.0
2025-07-13T13:52:08.451115	177.0	-80.0
2025-07-13T13:52:51.151573	175.0	-81.0
2025-07-13T13:52:51.151630	175.0	-79.5
2025-07-13T13:52:51.151661	176.0	-81.0
2025-07-13T13:52:51.151689	181.0	-79.0
2025-07-13T13:52:51.151713	180.0	-79.5
2025-07-13T13:52:51.151738	179.0	-80.0
2025-07-13T13:52:51.151761	181.0	-79.5
2025-07-13T13:52:51.151785	182.0	-80.0
2025-07-13T13:52:51.151809	181.0	-79.5
2025-07-13T13:52:51.151832	176.0	-79.5
2025-07-13T13:52:51.151856	178.0	-80.0
2025-07-13T13:52:51.151879	179.0	-80.5
2025-07-13T13:52:51.151903	180.0	-80.0
2025-07-13T13:53:33.928434	178.0	-80.0
2025-07-13T13:53:33.928493	179.0	-79.0
2025-07-13T13:53:33.928518	180.0	-80.0
2025-07-13T13:53:33.928545	179.0	-81.0
2025-07-13T13:53:33.928569	175.0	-79.5
2025-07-13T13:53:33.928599	175.0	-78.5
2025-07-13T13:53:33.928626	181.0	-80.0
2025-07-13T13:53:33.928656	180.0	-79.5
2025-07-13T13:53:33.928681	178.0	-80.0
2025-07-13T13:53:33.928704	178.0	-78.5
2025-07-13T13:53:33.928727	179.0	-78.5
2025-07-13T13:53:33.928750	182.0	-79.5
2025-07-13T13:53:33.928774	178.0	-79.5
2025-07-13T13:54:16.329365	178.0	-80.0
2025-07-13T13:54:16.329422	178.0	-79.0
2025-07-13T13:54:16.329448	178.0	-80.0
2025-07-13T13:54:16.329476	182.0	-79.5
2025-07-13T13:54:16.329506	184.0	-80.0
2025-07-13T13:54:16.329529	175.0	-80.5
2025-07-13T13:54:16.329553	182.0	-79.0
2025-07-13T13:54:16.329575	178.0	-79.5
2025-07-13T13:54:16.329599	181.0	-79.0
2025-07-13T13:54:16.329622	180.0	-81.0
2025-07-13T13:54:16.329645	175.0	-78.5
2025-07-13T13:54:16.329668	177.0	-80.0
2025-07-13T13:54:16.329691	179.0	-79.5
2025-07-13T13:54:58.743831	181.0	-81.0
2025-07-13T13:54:58.743887	176.0	-79.0
2025-07-13T13:54:58.743912	181.0	-80.0
2025-07-13T13:54:58.743940	183.0	-79.5
2025-07-13T13:54:58.743970	184.0	-80.0
2025-07-13T13:54:58.743994	180.0	-79.0
2025-07-13T13:54:58.744017	180.0	-79.5
2025-07-13T13:54:58.744040	183.0	-79.5
2025-07-13T13:54:58.744064	179.0	-78.5
2025-07-13T13:54:58.744088	179.0	-80.0
2025-07-13T13:54:58.744111	176.0	-80.0
2025-07-13T13:54:58.744133	186.0	-79.5
2025-07-13T13:54:58.744156	177.0	-80.0
2025-07-13T13:55:41.180553	176.0	-79.5
2025-07-13T13:55:41.180616	176.0	-81.0
2025-07-13T13:55:41.180642	180.0	-80.0
2025-07-13T13:55:41.180669	184.0	-78.5
2025-07-13T13:55:41.180694	183.0	-78.0
2025-07-13T13:55:41.180717	176.0	-78.5
2025-07-13T13:55:41.180741	180.0	-79.5
2025-07-13T13:55:41.180765	179.0	-79.5
2025-07-13T13:55:41.180789	178.0	-80.0
2025-07-13T13:55:41.180811	177.0	-78.5
2025-07-13T13:55:41.180835	179.0	-79.5
2025-07-13T13:55:41.180859	183.0	-79.0
2025-07-13T13:55:41.180881	174.0	-80.0
2025-07-13T13:56:24.015531	175.0	-80.0
2025-07-13T13:56:24.015588	179.0	-79.5
2025-07-13T13:56:24.015621	177.0	-80.0
2025-07-13T13:56:24.015648	180.0	-79.5
2025-07-13T13:56:24.015673	179.0	-79.0
2025-07-13T13:56:24.015696	179.0	-79.0
2025-07-13T13:56:24.015719	185.0	-79.5
2025-07-13T13:56:24.015742	178.0	-80.5
2025-07-13T13:56:24.015766	176.0	-80.0
2025-07-13T13:56:24.015789	182.0	-79.0
2025-07-13T13:56:24.015812	177.0	-78.5
2025-07-13T13:56:24.015835	175.0	-78.5
2025-07-13T13:56:24.015858	178.0	-80.5
2025-07-13T13:57:06.528235	179.0	-80.5
2025-07-13T13:57:06.528299	178.0	-80.0
2025-07-13T13:57:06.528325	181.0	-80.0
2025-07-13T13:57:06.528353	173.0	-80.0
2025-07-13T13:57:06.528376	180.0	-78.5
2025-07-13T13:57:06.528401	180.0	-79.0
2025-07-13T13:57:06.528424	180.0	-80.0
2025-07-13T13:57:06.528447	180.0	-80.5
2025-07-13T13:57:06.528470	179.0	-80.0
2025-07-13T13:57:06.528493	177.0	-78.5
2025-07-13T13:57:06.528516	175.0	-80.0
2025-07-13T13:57:06.528539	181.0	-79.5
2025-07-13T13:57:06.528562	184.0	-80.0
2025-07-13T13:57:48.972867	181.0	-81.0
2025-07-13T13:57:48.972925	177.0	-79.0
2025-07-13T13:57:48.972950	183.0	-80.0
2025-07-13T13:57:48.972975	178.0	-79.0
2025-07-13T13:57:48.972999	175.0	-80.5
2025-07-13T13:57:48.973031	179.0	-80.0
2025-07-13T13:57:48.973054	177.0	-80.0
2025-07-13T13:57:48.973077	182.0	-80.5
2025-07-13T13:57:48.973100	177.0	-80.0
2025-07-13T13:57:48.973123	182.0	-80.0
2025-07-13T13:57:48.973145	179.0	-80.0
2025-07-13T13:57:48.973167	178.0	-79.5
2025-07-13T13:57:48.973190	180.0	-79.5
2025-07-13T13:57:48.973213	180.0	-78.5
2025-07-13T13:57:48.973236	176.0	-80.0
2025-07-13T13:58:31.833387	178.0	-79.0
2025-07-13T13:58:31.833444	180.0	-80.0
2025-07-13T13:58:31.833470	181.0	-80.0
2025-07-13T13:58:31.833498	177.0	-80.0
2025-07-13T13:58:31.833521	184.0	-78.5
2025-07-13T13:58:31.833553	181.0	-80.0
2025-07-13T13:58:31.833576	181.0	-79.0
2025-07-13T13:58:31.833599	176.0	-80.0
2025-07-13T13:58:31.833622	178.0	-80.5
2025-07-13T13:58:31.833645	180.0	-80.0
2025-07-13T13:58:31.833668	179.0	-80.0
2025-07-13T13:58:31.833690	180.0	-79.5
2025-07-13T13:58:31.833713	178.0	-80.0
2025-07-13T13:59:14.396117	178.0	-79.5
2025-07-13T13:59:14.396180	185.0	-79.0
2025-07-13T13:59:14.396205	178.0	-81.0
2025-07-13T13:59:14.396234	175.0	-80.5
2025-07-13T13:59:14.396259	178.0	-79.5
2025-07-13T13:59:14.396284	175.0	-80.0
2025-07-13T13:59:14.396308	176.0	-79.0
2025-07-13T13:59:14.396331	181.0	-79.5
2025-07-13T13:59:14.396354	183.0	-80.5
2025-07-13T13:59:14.396378	177.0	-80.5
2025-07-13T13:59:14.396402	183.0	-79.0
2025-07-13T13:59:14.396425	178.0	-80.0
2025-07-13T13:59:14.396447	180.0	-79.5
2025-07-13T13:59:57.046900	178.0	-80.5
2025-07-13T13:59:57.046965	177.0	-80.5
2025-07-13T13:59:57.046993	183.0	-79.5
2025-07-13T13:59:57.047022	173.0	-80.5
2025-07-13T13:59:57.047047	179.0	-80.0
2025-07-13T13:59:57.047072	184.0	-80.0
2025-07-13T13:59:57.047095	181.0	-78.5
2025-07-13T13:59:57.047119	179.0	-79.5
2025-07-13T13:59:57.047143	179.0	-79.5
2025-07-13T13:59:57.047167	181.0	-80.5
2025-07-13T13:59:57.047191	177.0	-79.0
2025-07-13T13:59:57.047214	175.0	-81.0
2025-07-13T13:59:57.047237	176.0	-80.0
2025-07-13T14:00:39.645516	175.0	-81.0
2025-07-13T14:00:39.645574	179.0	-79.5
2025-07-13T14:00:39.645607	175.0	-81.0
2025-07-13T14:00:39.645635	179.0	-79.5
2025-07-13T14:00:39.645660	178.0	-80.5
2025-07-13T14:00:39.645684	173.0	-80.5
2025-07-13T14:00:39.645708	177.0	-79.5
2025-07-13T14:00:39.645732	179.0	-81.0
2025-07-13T14:00:39.645755	178.0	-79.5
2025-07-13T14:00:39.645779	179.0	-78.5
2025-07-13T14:00:39.645803	175.0	-78.5
2025-07-13T14:00:39.645826	180.0	-78.5
2025-07-13T14:00:39.645851	182.0	-80.0
2025-07-13T14:01:22.366447	179.0	-80.0
2025-07-13T14:01:22.366505	180.0	-80.0
2025-07-13T14:01:22.366530	175.0	-79.0
2025-07-13T14:01:22.366558	177.0	-78.5
2025-07-13T14:01:22.366588	182.0	-78.5
2025-07-13T14:01:22.366612	180.0	-80.0
2025-07-13T14:01:22.366635	176.0	-80.0
2025-07-13T14:01:22.366657	176.0	-79.5
2025-07-13T14:01:22.366681	177.0	-79.5
2025-07-13T14:01:22.366705	179.0	-79.5
2025-07-13T14:01:22.366729	182.0	-79.5
2025-07-13T14:01:22.366753	184.0	-79.5
2025-07-13T14:01:22.366776	182.0	-79.0
2025-07-13T14:02:04.929236	180.0	-79.5
2025-07-13T14:02:04.929300	180.0	-79.5
2025-07-13T14:02:04.929327	179.0	-80.0
2025-07-13T14:02:04.929355	180.0	-78.5
2025-07-13T14:02:04.929380	181.0	-79.5
2025-07-13T14:02:04.929404	177.0	-80.0
2025-07-13T14:02:04.929428	178.0	-79.5
2025-07-13T14:02:04.929453	179.0	-78.0
2025-07-13T14:02:04.929475	179.0	-79.5
2025-07-13T14:02:04.929498	182.0	-80.0
2025-07-13T14:02:04.929521	182.0	-80.5
2025-07-13T14:02:04.929544	179.0	-79.0
2025-07-13T14:02:04.929567	179.0	-78.5
2025-07-13T14:02:47.525713	179.0	-80.0
2025-07-13T14:02:47.525771	178.0	-80.0
2025-07-13T14:02:47.525796	176.0	-80.0
2025-07-13T14:02:47.525823	178.0	-79.0
2025-07-13T14:02:47.525846	182.0	-80.0
2025-07-13T14:02:47.525868	180.0	-79.5
2025-07-13T14:02:47.525897	175.0	-80.5
2025-07-13T14:02:47.525921	181.0	-80.0
2025-07-13T14:02:47.525944	179.0	-81.0
2025-07-13T14:02:47.525966	177.0	-78.5
2025-07-13T14:02:47.525989	178.0	-80.0
2025-07-13T14:02:47.526010	181.0	-80.0
2025-07-13T14:02:47.526033	178.0	-80.0
2025-07-13T14:04:50.483177	354.0	-82.0
2025-07-13T14:04:50.483234	349.0	-82.0
2025-07-13T14:04:50.483259	351.0	-82.0
2025-07-13T14:04:50.483287	349.0	-82.0
2025-07-13T14:04:50.483310	351.0	-81.5
2025-07-13T14:04:50.483339	356.0	-82.0
2025-07-13T14:04:50.483361	351.0	-82.0
2025-07-13T14:04:50.483385	352.0	-81.5
2025-07-13T14:04:50.483409	353.0	-82.0
2025-07-13T14:04:50.483432	354.0	-82.0
2025-07-13T14:04:50.483455	351.0	-82.0
2025-07-13T14:04:50.483477	357.0	-82.0
2025-07-13T14:04:50.483499	352.0	-82.0
2025-07-13T14:05:32.986058	355.0	-82.5
2025-07-13T14:05:32.986193	353.0	-82.5
2025-07-13T14:05:32.986223	353.0	-81.5
2025-07-13T14:05:32.986252	358.0	-82.5
2025-07-13T14:05:32.986278	350.0	-82.0
2025-07-13T14:05:32.986302	354.0	-82.5
2025-07-13T14:05:32.986326	354.0	-82.5
2025-07-13T14:05:32.986349	351.0	-82.5
2025-07-13T14:05:32.986374	351.0	-82.5
2025-07-13T14:05:32.986397	359.0	-81.5
2025-07-13T14:05:32.986421	351.0	-82.0
2025-07-13T14:05:32.986443	353.0	-82.5
2025-07-13T14:05:32.986467	352.0	-82.0
2025-07-13T14:06:15.730616	353.0	-82.5
2025-07-13T14:06:15.730680	358.0	-82.0
2025-07-13T14:06:15.730706	352.0	-82.5
2025-07-13T14:06:15.730735	349.0	-82.5
2025-07-13T14:06:15.730759	355.0	-82.0
2025-07-13T14:06:15.730783	352.0	-82.5
2025-07-13T14:06:15.730807	350.0	-82.5
2025-07-13T14:06:15.730831	356.0	-82.0
2025-07-13T14:06:15.730855	349.0	-82.0
2025-07-13T14:06:15.730877	354.0	-82.0
2025-07-13T14:06:15.730901	353.0	-81.5
2025-07-13T14:06:15.730924	357.0	-82.5
2025-07-13T14:06:15.730948	354.0	-82.5
2025-07-13T14:06:58.509576	349.0	-82.0
2025-07-13T14:06:58.509634	355.0	-82.0
2025-07-13T14:06:58.509660	357.0	-82.5
2025-07-13T14:06:58.509694	353.0	-82.0
2025-07-13T14:06:58.509718	352.0	-82.5
2025-07-13T14:06:58.509742	353.0	-81.5
2025-07-13T14:06:58.509766	349.0	-82.0
2025-07-13T14:06:58.509790	356.0	-81.5
2025-07-13T14:06:58.509813	349.0	-82.0
2025-07-13T14:06:58.509836	349.0	-81.0
2025-07-13T14:06:58.509859	351.0	-82.5
2025-07-13T14:06:58.509882	352.0	-81.5
2025-07-13T14:06:58.509906	355.0	-82.5
2025-07-13T14:07:41.060280	353.0	-82.5
2025-07-13T14:07:41.060343	350.0	-82.5
2025-07-13T14:07:41.060370	355.0	-82.0
2025-07-13T14:07:41.060399	355.0	-82.5
2025-07-13T14:07:41.060423	351.0	-82.0
2025-07-13T14:07:41.060447	351.0	-82.5
2025-07-13T14:07:41.060471	357.0	-82.0
2025-07-13T14:07:41.060494	356.0	-82.0
2025-07-13T14:07:41.060517	355.0	-82.5
2025-07-13T14:07:41.060540	352.0	-82.5
2025-07-13T14:07:41.060563	356.0	-82.5
2025-07-13T14:07:41.060587	350.0	-82.5
2025-07-13T14:07:41.060610	353.0	-82.0
2025-07-13T14:08:23.736936	355.0	-82.5
2025-07-13T14:08:23.737000	356.0	-82.5
2025-07-13T14:08:23.737027	355.0	-81.5
2025-07-13T14:08:23.737056	356.0	-82.5
2025-07-13T14:08:23.737081	356.0	-82.5
2025-07-13T14:08:23.737105	357.0	-81.5
2025-07-13T14:08:23.737130	352.0	-82.5
2025-07-13T14:08:23.737153	362.0	-82.0
2025-07-13T14:08:23.737177	355.0	-82.5
2025-07-13T14:08:23.737201	354.0	-82.0
2025-07-13T14:08:23.737224	350.0	-82.0
2025-07-13T14:08:23.737247	353.0	-82.5
2025-07-13T14:08:23.737271	356.0	-82.0
2025-07-13T14:09:06.207761	350.0	-82.5
2025-07-13T14:09:06.207825	359.0	-82.0
2025-07-13T14:09:06.207850	357.0	-82.5
2025-07-13T14:09:06.207879	350.0	-82.0
2025-07-13T14:09:06.207903	350.0	-82.5
2025-07-13T14:09:06.207926	355.0	-82.5
2025-07-13T14:09:06.207950	348.0	-82.5
2025-07-13T14:09:06.207974	350.0	-82.0
2025-07-13T14:09:06.207998	350.0	-82.0
2025-07-13T14:09:06.208020	349.0	-82.0
2025-07-13T14:09:06.208043	351.0	-82.5
2025-07-13T14:09:06.208066	355.0	-82.5
2025-07-13T14:09:06.208089	353.0	-82.5
2025-07-13T14:09:48.698321	354.0	-82.5
2025-07-13T14:09:48.698387	355.0	-81.5
2025-07-13T14:09:48.698414	349.0	-82.5
2025-07-13T14:09:48.698444	357.0	-81.5
2025-07-13T14:09:48.698469	349.0	-82.0
2025-07-13T14:09:48.698493	355.0	-82.0
2025-07-13T14:09:48.698516	353.0	-82.0
2025-07-13T14:09:48.698541	351.0	-82.0
2025-07-13T14:09:48.698565	350.0	-82.0
2025-07-13T14:09:48.698589	358.0	-82.0
2025-07-13T14:09:48.698611	351.0	-82.0
2025-07-13T14:09:48.698634	350.0	-82.0
2025-07-13T14:09:48.698656	356.0	-81.5
2025-07-13T14:10:31.405354	347.0	-82.0
2025-07-13T14:10:31.405413	352.0	-82.0
2025-07-13T14:10:31.405439	349.0	-82.0
2025-07-13T14:10:31.405467	352.0	-82.5
2025-07-13T14:10:31.405497	360.0	-82.0
2025-07-13T14:10:31.405522	353.0	-81.5
2025-07-13T14:10:31.405546	349.0	-82.0
2025-07-13T14:10:31.405569	355.0	-82.0
2025-07-13T14:10:31.405592	351.0	-82.0
2025-07-13T14:10:31.405615	359.0	-82.0
2025-07-13T14:10:31.405637	352.0	-82.0
2025-07-13T14:10:31.405660	357.0	-82.5
2025-07-13T14:10:31.405684	351.0	-82.5
2025-07-13T14:11:14.138110	351.0	-82.0
2025-07-13T14:11:14.138231	353.0	-82.5
2025-07-13T14:11:14.138264	348.0	-81.5
2025-07-13T14:11:14.138290	349.0	-82.0
2025-07-13T14:11:14.138317	351.0	-82.5
2025-07-13T14:11:14.138342	354.0	-82.5
2025-07-13T14:11:14.138366	352.0	-82.5
2025-07-13T14:11:14.138390	354.0	-82.5
2025-07-13T14:11:14.138413	352.0	-82.0
2025-07-13T14:11:14.138435	354.0	-82.5
2025-07-13T14:11:14.138459	354.0	-81.5
2025-07-13T14:11:14.138482	354.0	-82.5
2025-07-13T14:11:14.138506	357.0	-82.5
2025-07-13T14:11:58.588940	354.0	-82.5
2025-07-13T14:11:58.589003	355.0	-81.0
2025-07-13T14:11:58.589030	352.0	-82.0
2025-07-13T14:11:58.589055	352.0	-81.0
2025-07-13T14:11:58.589082	348.0	-82.0
2025-07-13T14:11:58.589105	352.0	-82.0
2025-07-13T14:11:58.589128	358.0	-81.0
2025-07-13T14:11:58.589150	349.0	-82.5
2025-07-13T14:11:58.589174	356.0	-80.0
2025-07-13T14:11:58.589198	357.0	-80.5
2025-07-13T14:11:58.589222	361.0	-80.5
2025-07-13T14:11:58.589246	349.0	-82.0
2025-07-13T14:11:58.589269	356.0	-81.5
2025-07-13T14:12:41.897793	354.0	-82.0
2025-07-13T14:12:41.897851	355.0	-82.0
2025-07-13T14:12:41.897876	349.0	-82.0
2025-07-13T14:12:41.897905	351.0	-82.0
2025-07-13T14:12:41.897929	351.0	-82.0
2025-07-13T14:12:41.897952	356.0	-82.0
2025-07-13T14:12:41.897976	351.0	-80.5
2025-07-13T14:12:41.898005	352.0	-82.5
2025-07-13T14:12:41.898030	353.0	-82.5
2025-07-13T14:12:41.898054	348.0	-82.0
2025-07-13T14:12:41.898077	354.0	-82.0
2025-07-13T14:12:41.898100	353.0	-82.0
2025-07-13T14:12:41.898170	356.0	-81.5
2025-07-13T14:13:24.712764	355.0	-81.5
2025-07-13T14:13:24.712828	357.0	-82.0
2025-07-13T14:13:24.712854	359.0	-82.5
2025-07-13T14:13:24.712884	351.0	-82.5
2025-07-13T14:13:24.712909	353.0	-82.0
2025-07-13T14:13:24.712932	357.0	-82.0
2025-07-13T14:13:24.712954	354.0	-82.0
2025-07-13T14:13:24.712977	357.0	-82.0
2025-07-13T14:13:24.713000	354.0	-82.5
2025-07-13T14:13:24.713024	351.0	-82.5
2025-07-13T14:13:24.713048	351.0	-82.5
2025-07-13T14:13:24.713072	359.0	-81.5
2025-07-13T14:13:24.713095	354.0	-82.0
