timestamp	dest_mac	distance_cm	rssi_dbm
2026-07-16T02:01:22.254699	A2:24	29.0	-62.0
2026-07-16T02:01:22.254733	A2:24	33.0	-62.0
2026-07-16T02:01:22.254736	A2:24	31.0	-62.5
2026-07-16T02:01:22.254739	A2:24	27.0	-62.5
2026-07-16T02:01:22.254741	A2:24	31.0	-62.5
2026-07-16T02:01:22.254743	A2:24	30.0	-63.0
2026-07-16T02:01:22.254744	A2:24	34.0	-62.0
2026-07-16T02:01:22.254746	A2:24	31.0	-63.0
2026-07-16T02:01:22.254748	A2:24	29.0	-63.5
2026-07-16T02:01:22.254749	A2:24	32.0	-62.0
2026-07-16T02:01:22.254751	A2:24	33.0	-61.0
2026-07-16T02:01:22.254753	A2:24	33.0	-63.5
2026-07-16T02:01:22.254755	A2:24	32.0	-62.0
2026-07-16T02:01:22.254756	A2:24	30.0	-62.0
2026-07-16T02:01:22.254758	A2:24	29.0	-61.0
2026-07-16T02:01:22.254759	A2:24	29.0	-62.5
2026-07-16T02:01:22.254761	A2:24	27.0	-63.0
2026-07-16T02:01:48.118512	78:49	36.0	-62.5
2026-07-16T02:01:48.118525	78:49	31.0	-62.5
2026-07-16T02:01:48.118528	78:49	33.0	-61.5
2026-07-16T02:01:48.118530	78:49	35.0	-61.0
2026-07-16T02:01:48.118532	78:49	32.0	-62.0
2026-07-16T02:01:48.118533	78:49	29.0	-62.0
2026-07-16T02:01:48.118535	78:49	27.0	-63.5
2026-07-16T02:01:48.118537	78:49	31.0	-62.0
2026-07-16T02:01:48.118538	78:49	31.0	-61.0
2026-07-16T02:01:48.118540	78:49	31.0	-62.0
2026-07-16T02:01:48.118542	78:49	36.0	-61.0
2026-07-16T02:01:48.118544	78:49	31.0	-63.0
2026-07-16T02:01:48.118545	78:49	35.0	-62.0
2026-07-16T02:01:48.118547	78:49	32.0	-62.0
2026-07-16T02:01:48.118549	78:49	31.0	-63.0
2026-07-16T02:01:48.118550	78:49	31.0	-62.5
